-- --------------------------------------------------------
-- 호스트:                          j5c202.p.ssafy.io
-- 서버 버전:                        10.6.4-MariaDB-1:10.6.4+maria~focal - mariadb.org binary distribution
-- 서버 OS:                        debian-linux-gnu
-- HeidiSQL 버전:                  11.3.0.6295
-- --------------------------------------------------------

/*!40101 SET @OLD_CHARACTER_SET_CLIENT=@@CHARACTER_SET_CLIENT */;
/*!40101 SET NAMES utf8 */;
/*!50503 SET NAMES utf8mb4 */;
/*!40014 SET @OLD_FOREIGN_KEY_CHECKS=@@FOREIGN_KEY_CHECKS, FOREIGN_KEY_CHECKS=0 */;
/*!40101 SET @OLD_SQL_MODE=@@SQL_MODE, SQL_MODE='NO_AUTO_VALUE_ON_ZERO' */;
/*!40111 SET @OLD_SQL_NOTES=@@SQL_NOTES, SQL_NOTES=0 */;


-- sub2 데이터베이스 구조 내보내기
CREATE DATABASE IF NOT EXISTS `sub2` /*!40100 DEFAULT CHARACTER SET utf8mb4 */;
USE `sub2`;

-- 테이블 sub2.coupon 구조 내보내기
CREATE TABLE IF NOT EXISTS `coupon` (
  `coupon_id` varchar(30) NOT NULL,
  `coupon_name` varchar(200) NOT NULL,
  `coupon_category` varchar(100) NOT NULL,
  `coupon_end` datetime NOT NULL,
  `coupon_owner` varchar(50) NOT NULL,
  `coupon_exchange` varchar(20) NOT NULL,
  `coupon_img` varchar(200) DEFAULT NULL,
  `coupon_mileage` varchar(45) DEFAULT NULL,
  `coupon_comment` varchar(255) DEFAULT NULL,
  `coupon_istrade` tinyint(1) DEFAULT 0,
  PRIMARY KEY (`coupon_id`),
  KEY `coupon_owner` (`coupon_owner`),
  CONSTRAINT `coupon_ibfk_1` FOREIGN KEY (`coupon_owner`) REFERENCES `user` (`id`) ON DELETE CASCADE ON UPDATE CASCADE
) ENGINE=InnoDB DEFAULT CHARSET=utf8mb4;

-- 테이블 데이터 sub2.coupon:~35 rows (대략적) 내보내기
/*!40000 ALTER TABLE `coupon` DISABLE KEYS */;
INSERT INTO `coupon` (`coupon_id`, `coupon_name`, `coupon_category`, `coupon_end`, `coupon_owner`, `coupon_exchange`, `coupon_img`, `coupon_mileage`, `coupon_comment`, `coupon_istrade`) VALUES
	('111111111111', '정관장)홍삼정에브리타임10ml', 'etc', '2022-11-11 00:00:00', 'toproot@gmail.com', '세븐일레븐', 'images/20211007/2529846215774446.png', '3000', '코로나 극복 기원!', 1),
	('12222222222222222222', '도너츠 6개팩', 'dessert', '2022-11-11 00:00:00', 'toproot@gmail.com', '던킨', 'images/20211007/2529907346647689.png', '9000', '생일을 축하합니다.', 1),
	('123456', '아이스 카페 아메리카노 T', 'coffee', '2021-10-22 00:00:00', 'rko3507@naver.com', '스타벅스', 'images/20211007/2534687561872781.png', '4100', '축하합니다', 1),
	('12345677', '아이스 카페 아메리카노 T', 'coffee', '2021-11-11 00:00:00', 'cse.it0516@gmail.com', '스타벅스', 'images/20211007/2529647853113530.png', '4100', '라이브 참여 우수', 0),
	('12345678', '아이스 카페 아메리카노 T', 'coffee', '2021-11-11 00:00:00', 'toproot@gmail.com', '스타벅스', 'images/20211007/2529611079697833.png', '4100', '라이브 참여 우수', 1),
	('123456789', '아이스 카페 아메리카노 T', 'coffee', '2021-11-11 00:00:00', 'tjddo2791@naver.com', '스타벅스', 'images/20211007/2529397099887908.png', '4100', '라이브 참여 우수', 0),
	('123456789333', '도너츠 6개팩', 'dessert', '2022-11-11 00:00:00', 'qweas2881@naver.com', '던킨', 'images/20211007/2534857327203927.png', '9000', '축하드려요', 0),
	('1424242424141441414', '블랙밀크티+펄 L', 'coffee', '2022-11-11 00:00:00', 'toproot@gmail.com', '공차', 'images/20211007/2530101982382311.png', '4200', '라이브 참여 우수', 1),
	('142441411414', '싸이버거 세트', 'burger', '2022-11-11 00:00:00', 'toproot@gmail.com', '맘스터치', 'images/20211007/2530168508029336.png', '5800', '우수 프로젝트 팀', 1),
	('156489123555', '떠먹는 스트로베리 초콜릿 생크림', 'dessert', '2022-11-11 00:00:00', 'qweas2881@naver.com', '투썸플레이스', 'images/20211007/2535249141278997.png', '6300', '축하드려요\n축하드려요', 0),
	('2132432423', '싸이버거 세트', 'burger', '2021-10-26 00:00:00', 'tjddo2791@naver.com', '맘스터치', 'images/20211007/2530379525355641.png', '5800', '라이브 적극 참여 이벤트 상품입니다.', 0),
	('22221234567', '아이스 카페 아메리카노 T', 'coffee', '2021-10-20 00:00:00', 'cse.it0516@gmail.com', '스타벅스', 'images/20211007/2530357699775357.png', '4100', '아아2', 0),
	('222245678912', '떠먹는 스트로베리 초콜릿 생크림', 'dessert', '2021-10-30 00:00:00', 'cse.it0516@gmail.com', '투썸플레이스', 'images/20211007/2530431220804141.png', '6300', '투썸', 1),
	('324324234', '블랙밀크티+펄 L', 'coffee', '2021-10-28 00:00:00', 'tjddo2791@naver.com', '공차', 'images/20211007/2530344938443018.png', '4200', '라이브 적극 참여 이벤트 상품입니다.', 0),
	('32456512978', '아이스 카페 아메리카노 T', 'coffee', '2021-10-20 00:00:00', 'toproot@gmail.com', '스타벅스', 'images/20211007/2529517792696784.png', '4100', '이미지 고생하셨어요', 1),
	('33159753654', '도너츠 6개팩', 'dessert', '2021-10-22 00:00:00', 'cse.it0516@gmail.com', '던킨', 'images/20211007/2530398066720900.png', '9000', '도넛축하드려요!', 1),
	('33395175634', '아이스 카페 아메리카노 T', 'coffee', '2021-10-30 00:00:00', 'cse.it0516@gmail.com', '스타벅스', 'images/20211007/2530302064697602.png', '4100', '아아', 0),
	('444415957346', '굽네 고추 바사삭+콜라1.25L', 'chicken_pizza', '2021-10-16 00:00:00', 'cse.it0516@gmail.com', '굽네치킨', 'images/20211007/2530478835881338.png', '19000', '축하 고바', 1),
	('444444442424244', '블랙밀크티+펄 L', 'coffee', '2022-11-11 00:00:00', 'toproot@gmail.com', '공차', 'images/20211007/2529946577659870.png', '4200', '라이브 참여 우수', 1),
	('44444444444444', '팔자피자 L + 코카콜라 1.25L', 'chicken_pizza', '2022-11-11 00:00:00', 'toproot@gmail.com', '피자알볼로', 'images/20211007/2530000377195616.png', '27000', '싸피레이스 우수 학생', 1),
	('48965123489', '아이스 카페 아메리카노 T', 'coffee', '2021-11-11 00:00:00', 'qweas2881@naver.com', '스타벅스', 'images/20211007/2535205190244924.png', '4100', '축하드려요', 0),
	('5545687', '황금올리브치킨+콜라 1.25L', 'chicken_pizza', '2021-10-21 00:00:00', 'qweas2881@naver.com', 'BBQ', 'images/20211007/2527693169992495.jpg', '20000', '치킨축합니다', 1),
	('5555555552252525', '떠먹는 스트로베리 초콜릿 생크림', 'dessert', '2022-11-11 00:00:00', 'rko3507@naver.com', '투썸플레이스', 'images/20211007/2530050364663744.png', '6300', '성적 우수 학생', 0),
	('651289237', '싸이버거 세트', 'burger', '2021-10-30 00:00:00', 'tjddo2791@naver.com', '맘스터치', 'images/20211007/2530051714421915.png', '5800', '축하합니다', 0),
	('654654', '아이스 카페 아메리카노 T', 'coffee', '2021-10-16 00:00:00', 'tjddo2791@naver.com', '스타벅스', 'images/20211007/2528520761482822.png', '4100', 'cc', 1),
	('6578321254', '굽네 고추 바사삭+콜라1.25L', 'chicken_pizza', '2021-10-23 00:00:00', 'toproot@gmail.com', '굽네치킨', 'images/20211007/2529871089774217.png', '19000', '트라이잇!', 1),
	('66621345798', '블랙밀크티+펄 L', 'coffee', '2021-10-30 00:00:00', 'cse.it0516@gmail.com', '공차', 'images/20211007/2530702806891757.png', '4200', '공차가세요~', 1),
	('73333645978', '정관장)홍삼정에브리타임10ml', 'etc', '2021-10-30 00:00:00', 'cse.it0516@gmail.com', '세븐일레븐', 'images/20211007/2530757964677177.png', '3000', '홍3', 1),
	('7561563564', '블랙밀크티+펄 L', 'coffee', '2022-11-11 00:00:00', 'qweas2881@naver.com', '공차', 'images/20211007/2535308475668747.png', '4200', '축하드려요', 0),
	('78932456512', '아이스 카페 아메리카노 T', 'coffee', '2021-10-30 00:00:00', 'toproot@gmail.com', '스타벅스', 'images/20211007/2529554463758936.png', '4100', '커피좋아하시군요', 1),
	('888819557345', '블랙밀크티+펄 L', 'coffee', '2021-11-06 00:00:00', 'cse.it0516@gmail.com', '공차', 'images/20211007/2530515485705435.png', '4200', '피자한판이요~', 1),
	('88888789456', '팔도피자L + 코카콜라1.25L', 'chicken_pizza', '2021-10-08 00:00:00', 'cse.it0516@gmail.com', '피자알볼로', 'images/20211007/2530553841485687.png', '30000', '팔도피자!', 0),
	('9845327861', '도너츠 6개팩', 'dessert', '2021-10-23 00:00:00', 'cse.it0516@gmail.com', '던킨', 'images/20211007/2529470696726029.png', '9000', '던킨도넛!', 1),
	('9996542154', '굽네 고추 바사삭+콜라1.25L', 'chicken_pizza', '2021-10-23 00:00:00', 'cse.it0516@gmail.com', '굽네치킨', 'images/20211007/2531605659563670.png', '19000', '고바고바', 1),
	('999912221', '도너츠 6개팩', 'dessert', '2021-11-04 00:00:00', 'tjddo2791@naver.com', '던킨', 'images/20211007/2530174181313552.png', '9000', '라이브 적극 참여 이벤트 상품입니다.', 0);
/*!40000 ALTER TABLE `coupon` ENABLE KEYS */;

-- 테이블 sub2.hibernate_sequence 구조 내보내기
CREATE TABLE IF NOT EXISTS `hibernate_sequence` (
  `next_val` bigint(20) DEFAULT NULL
) ENGINE=InnoDB DEFAULT CHARSET=utf8mb4;

-- 테이블 데이터 sub2.hibernate_sequence:~4 rows (대략적) 내보내기
/*!40000 ALTER TABLE `hibernate_sequence` DISABLE KEYS */;
INSERT INTO `hibernate_sequence` (`next_val`) VALUES
	(388),
	(388),
	(388),
	(388);
/*!40000 ALTER TABLE `hibernate_sequence` ENABLE KEYS */;

-- 테이블 sub2.product 구조 내보내기
CREATE TABLE IF NOT EXISTS `product` (
  `product_id` int(11) NOT NULL AUTO_INCREMENT,
  `product_name` varchar(100) NOT NULL,
  `product_category` varchar(20) NOT NULL,
  `product_img` varchar(200) DEFAULT NULL,
  `product_exchange` varchar(255) DEFAULT NULL,
  `product_mileage` int(11) DEFAULT NULL,
  PRIMARY KEY (`product_id`)
) ENGINE=InnoDB AUTO_INCREMENT=51 DEFAULT CHARSET=utf8mb4;

-- 테이블 데이터 sub2.product:~50 rows (대략적) 내보내기
/*!40000 ALTER TABLE `product` DISABLE KEYS */;
INSERT INTO `product` (`product_id`, `product_name`, `product_category`, `product_img`, `product_exchange`, `product_mileage`) VALUES
	(1, '아이스 카페 아메리카노 T', 'coffee', 'https://st.kakaocdn.net/product/gift/product/20210730131634_ab1584539eae4da0b1b45ff602d9b54a.jpg', '스타벅스', 4100),
	(2, '도너츠 6개팩', 'dessert', 'https://st.kakaocdn.net/product/gift/product/20210401183628_5c5950149f1d432cb35426d50294fc0a.jpg', '던킨', 9000),
	(3, '아이스 카페 아메리카노 T+7 레이어 가나슈 케이크', 'coffee', 'https://st.kakaocdn.net/product/gift/product/20210801184812_1bc3c3bbd14542248e005b7f4100b11e.jpg', '스타벅스', 9800),
	(4, '먼치킨 10개팩', 'dessert', 'https://st.kakaocdn.net/product/gift/product/20210506181043_69f7b9a708e245a29d133c797e199604.jpg', '던킨', 4000),
	(5, '민트 초콜릿 칩 블렌디드 T', 'coffee', 'https://st.kakaocdn.net/product/gift/product/20210521130601_9c812648b6f8423d9e4ff54c35ec227a.jpg', '스타벅스', 6100),
	(6, '떠먹는 스트로베리 초콜릿 생크림', 'dessert', 'https://st.kakaocdn.net/product/gift/product/20200515150112_305f7be9301e4308b5770bdd00a01f9f.jpg', '투썸플레이스', 6300),
	(7, '떠먹는 스트로베리 초콜릿 생크림 + 떠먹는 아이스박스 + 아메리카노 (R) 2잔', 'dessert', 'https://st.kakaocdn.net/product/gift/product/20210809175932_c414563c90364f81a17ece21e4aa0c78.jpg', '투썸플레이스', 20600),
	(8, '허니콤보웨지감자세트', 'chicken_pizza', 'https://st.kakaocdn.net/product/gift/product/20200404080233_9279b43cf3024d0ba2d7478b5af9b5f7', '교촌치킨', 23000),
	(9, '황금올리브치킨+콜라 1.25L', 'chicken_pizza', 'https://st.kakaocdn.net/product/gift/product/20210614170015_5942d269bced4c2696c550196341f89d.jpg', 'BBQ', 20000),
	(10, '뿌링클+콜라1.25L', 'chicken_pizza', 'https://st.kakaocdn.net/product/gift/product/20200729142538_eee269fd49404006bad03ff445a9afec.jpg', 'BHC', 19000),
	(11, '리얼불고기 피자 L(오리지널)+콜라1.25L', 'chicken_pizza', 'https://st.kakaocdn.net/product/gift/product/20210218101708_8becdba72555445d9c97face51ef0b37.jpg', '도미노피자', 29900),
	(12, '베스트콰트로피자(오리지널)L+콜라1.25L', 'chicken_pizza', 'https://st.kakaocdn.net/product/gift/product/20210218104720_5ff45270f02c466e95a24619efc0669c.jpg', '도미노피자', 37900),
	(13, '싸이버거 세트', 'burger', 'https://st.kakaocdn.net/product/gift/product/20201209141926_a6e23dd3aee74eb68a63e67b06930d86.jpg', '맘스터치', 5800),
	(14, '화이트갈릭버거 세트', 'burger', 'https://st.kakaocdn.net/product/gift/product/20201209142201_233586bc5d694537b0fc7b3dac266ea6.jpg', '맘스터치', 6100),
	(15, '빙그레)투게더', 'etc', 'https://st.kakaocdn.net/product/gift/product/20210302180748_602a34709f244ae0a562a68b08e1d0e4.png', 'CU', 7000),
	(16, '빙그레)바나나우유240ml', 'etc', 'https://st.kakaocdn.net/product/gift/product/20200404100935_f691ed5c36a446828bfa9f68062a9160', '세븐일레븐', 1400),
	(17, '애플망고치즈설빙', 'dessert', 'https://st.kakaocdn.net/product/gift/product/20200401143846_ce912b29d9714f96b3e4f2a7c07e6905.jpg', '설빙', 11900),
	(18, '플레인 베이글+아메리카노', 'coffee', 'https://st.kakaocdn.net/product/gift/product/20201228110917_b6750c9179534dcd9b431982a3ac53b1.jpg', '이디야', 5100),
	(19, '팥인절미설빙', 'dessert', 'https://st.kakaocdn.net/product/gift/product/20200401152959_bc3744f4b725405088494a118529a00c.jpg', '설빙', 9900),
	(20, '딸기마카롱설빙', 'dessert', 'https://st.kakaocdn.net/product/gift/product/20210317132124_889ca6ee4c5b4a41b99d121c3b1c9d20.jpg', '설빙', 13500),
	(21, '수플레치즈 케이크+아메리카노 2잔', 'coffee', 'https://st.kakaocdn.net/product/gift/product/20201228110226_4797d227b6ea41909b20b2c1e7fefa00.jpg', '이디야', 10300),
	(22, '블랙밀크티+펄 L', 'coffee', 'https://st.kakaocdn.net/product/gift/product/20200404022808_3bfdf346e9984d50995cfcb37ac21fb5', '공차', 4200),
	(23, '타로밀크티+펄 L', 'coffee', 'https://st.kakaocdn.net/product/gift/product/20200404022807_53273eaa52ef4f689e801a62e42591e8', '공차', 4200),
	(24, '브라운슈가 치즈폼 쿠키 밀크티 L', 'coffee', 'https://st.kakaocdn.net/product/gift/product/20200404104037_aa07377d16c5416ba29a3ca1b723d5f2', '공차', 5700),
	(25, '푸라닭 치킨+콜라 1.25L', 'chicken_pizza', 'https://st.kakaocdn.net/product/gift/product/20200429135416_201bed0cdb7c4ae49e5e7a522a81b99d.jpg', '푸라닭', 17900),
	(26, '팔도피자L + 코카콜라1.25L', 'chicken_pizza', 'https://st.kakaocdn.net/product/gift/product/20200404101557_fa90894b79304ce99657705f982c9741', '피자알볼로', 30000),
	(27, '굽네 고추 바사삭+콜라1.25L', 'chicken_pizza', 'https://st.kakaocdn.net/product/gift/product/20210823153928_e7ac07e2cb0a4b619a038617aa761465.jpg', '굽네치킨', 19000),
	(28, '뿌링클 콤보+콜라1.25L', 'chicken_pizza', 'https://st.kakaocdn.net/product/gift/product/20200727154152_96a03817a3b7483695157d17cba73824.jpg', 'BHC', 20000),
	(29, '굽네 갈비천왕+콜라1.25L', 'chicken_pizza', 'https://st.kakaocdn.net/product/gift/product/20210823164651_31a56ffe343343ee859250134ae3e56d.jpg', '굽네치킨', 19000),
	(30, '팔자피자 L + 코카콜라 1.25L', 'chicken_pizza', 'https://st.kakaocdn.net/product/gift/product/20200707184134_ead72b376e30430c81322f32b1fd6c6b.jpg', '피자알볼로', 27000),
	(31, '후라이드 치킨+콜라1.25L', 'chicken_pizza', 'https://st.kakaocdn.net/product/gift/product/20210622145158_adc97e834bcf49f8bc39fa9385e5fb49.jpg', '노랑통닭', 19000),
	(32, '베이컨 토마토 디럭스 세트', 'burger', 'https://st.kakaocdn.net/product/gift/product/20200404042635_848b5d93455141fcb667e1c4be6003f6', '맥도날드', 7000),
	(33, '맥스파이시 상하이버거 세트', 'burger', 'https://st.kakaocdn.net/product/gift/product/20200404102444_3b74c0d8d0ac486390b4c04598c7ad6a', '맥도날드', 5900),
	(34, '더블 1955버거 세트', 'burger', 'https://st.kakaocdn.net/product/gift/product/20200404102425_73a7afe36adb422b870a26ab5a9da119', '맥도날드', 8500),
	(35, '빅맥 세트', 'burger', 'https://st.kakaocdn.net/product/gift/product/20200404102427_f9e263a7ffd34a85b63de903ba98ca71', '맥도날드', 5900),
	(36, '슈슈버거 세트', 'burger', 'https://st.kakaocdn.net/product/gift/product/20200401134649_46102bb0227c4fd89c9d7104cc344d1c', '맥도날드', 5800),
	(37, '더블 쿼터파운더 치즈 세트', 'burger', 'https://st.kakaocdn.net/product/gift/product/20200404102422_2a0629ae48604f6884a790885ecc9bec', '맥도날드', 8400),
	(38, '불싸이버거 세트', 'burger', 'https://st.kakaocdn.net/product/gift/product/20201209141849_8a6d42a3a1124eb3b9776b21ae6b0e74.jpg', '맘스터치', 5900),
	(39, '딥치즈버거 세트', 'burger', 'https://st.kakaocdn.net/product/gift/product/20201209141759_f319a5b4abb54939a17366f270bf6b16.jpg', '맘스터치', 6000),
	(40, '통새우버거 세트', 'burger', 'https://st.kakaocdn.net/product/gift/product/20201209142044_9c3976e2cc90416db295f66ed970000e.jpg', '맘스터치', 4900),
	(41, '휠렛버거 세트', 'burger', 'https://st.kakaocdn.net/product/gift/product/20201209142249_54b2bffc7138441599705a38e9f1c065.jpg', '맘스터치', 5600),
	(42, '남양)초콜릿드링크초코에몽180ML', 'etc', 'https://st.kakaocdn.net/product/gift/product/20210422141940_6159686acaa74198ae8d119b54b0fb94.png', 'GS25', 1000),
	(43, '빙그레)메로나', 'etc', 'https://st.kakaocdn.net/product/gift/product/20210302180556_70918247ec2a4bba95332d9566bc2089.png', 'CU', 1000),
	(44, '광동)비타500병100ml', 'etc', 'https://st.kakaocdn.net/product/gift/product/20210302174428_bb493122b1fc465e85f577834f8e6ea7.png', 'CU', 800),
	(45, '서울)비요뜨초코링', 'etc', 'https://st.kakaocdn.net/product/gift/product/20200404075746_cd32267165794889a1570cc192b93aaf', '이마트24', 1400),
	(46, '페레로)킨더초콜릿1500', 'etc', 'https://st.kakaocdn.net/product/gift/product/20210423120902_d5018270cddb42afa5d25410768c3125.jpg', 'GS25', 1500),
	(47, '정관장)홍삼정에브리타임10ml', 'etc', 'https://st.kakaocdn.net/product/gift/product/20200404103114_c742e839d3bf4063b6e0c7a5d856dce5', '세븐일레븐', 3000),
	(48, '롯데)아몬드빼빼로', 'etc', 'https://st.kakaocdn.net/product/gift/product/20210302180134_5b461d22671c4e97b7e03f7a86db80f3.png', 'CU', 1500),
	(49, '동아)오로나민C120ML', 'etc', 'https://st.kakaocdn.net/product/gift/product/20210422143728_7b038928f4264dbb91bb8752c6a3a4bf.png', 'GS25', 1200),
	(50, '매일)페레로로쉐3구', 'etc', 'https://st.kakaocdn.net/product/gift/product/20210302180059_544e9778589a4557834478d62582ba45.png', 'CU', 2200);
/*!40000 ALTER TABLE `product` ENABLE KEYS */;

-- 테이블 sub2.request 구조 내보내기
CREATE TABLE IF NOT EXISTS `request` (
  `request_idx` int(11) NOT NULL AUTO_INCREMENT,
  `request_id` varchar(50) NOT NULL,
  `request_status` tinyint(1) NOT NULL DEFAULT 0,
  `request_product_id` int(11) NOT NULL,
  `request_date` datetime NOT NULL,
  PRIMARY KEY (`request_idx`),
  KEY `request_product_id_idx` (`request_product_id`),
  KEY `request_id` (`request_id`),
  CONSTRAINT `request_ibfk_1` FOREIGN KEY (`request_id`) REFERENCES `user` (`id`) ON DELETE CASCADE ON UPDATE CASCADE,
  CONSTRAINT `request_ibfk_2` FOREIGN KEY (`request_product_id`) REFERENCES `product` (`product_id`) ON DELETE CASCADE ON UPDATE CASCADE
) ENGINE=InnoDB AUTO_INCREMENT=385 DEFAULT CHARSET=utf8mb4;

-- 테이블 데이터 sub2.request:~64 rows (대략적) 내보내기
/*!40000 ALTER TABLE `request` DISABLE KEYS */;
INSERT INTO `request` (`request_idx`, `request_id`, `request_status`, `request_product_id`, `request_date`) VALUES
	(207, 'toproot@gmail.com', 1, 22, '2021-10-07 05:22:00'),
	(211, 'toproot@gmail.com', 1, 6, '2021-10-07 06:02:00'),
	(212, 'tjddo2791@naver.com', 1, 6, '2021-10-07 06:02:00'),
	(213, 'rko3507@naver.com', 1, 1, '2021-10-07 06:02:00'),
	(214, 'toproot@gmail.com', 1, 9, '2021-10-07 06:05:00'),
	(215, 'toproot@gmail.com', 1, 22, '2021-10-07 06:06:00'),
	(217, 'rko3507@naver.com', 1, 1, '2021-10-07 06:07:00'),
	(219, 'tjddo2791@naver.com', 1, 1, '2021-10-07 06:11:00'),
	(238, 'qweas2881@naver.com', 1, 1, '2021-10-07 06:19:00'),
	(240, 'qweas2881@naver.com', 1, 1, '2021-10-07 06:19:00'),
	(243, 'qweas2881@naver.com', 1, 9, '2021-10-07 06:22:00'),
	(246, 'qweas2881@naver.com', 1, 9, '2021-10-07 06:28:00'),
	(248, 'qweas2881@naver.com', 0, 8, '2021-10-07 06:32:00'),
	(249, 'rko3507@naver.com', 1, 1, '2021-10-07 06:38:00'),
	(252, 'toproot@gmail.com', 1, 1, '2021-10-07 06:47:00'),
	(253, 'toproot@gmail.com', 1, 1, '2021-10-07 06:47:00'),
	(254, 'toproot@gmail.com', 1, 1, '2021-10-07 06:47:00'),
	(255, 'toproot@gmail.com', 1, 1, '2021-10-07 06:47:00'),
	(256, 'toproot@gmail.com', 1, 1, '2021-10-07 06:47:00'),
	(257, 'toproot@gmail.com', 1, 1, '2021-10-07 06:47:00'),
	(258, 'toproot@gmail.com', 1, 1, '2021-10-07 06:47:00'),
	(259, 'tjddo2791@naver.com', 1, 1, '2021-10-07 06:47:00'),
	(260, 'tjddo2791@naver.com', 1, 22, '2021-10-07 06:47:00'),
	(267, 'cse.it0516@gmail.com', 1, 2, '2021-10-07 06:53:00'),
	(272, 'tjddo2791@naver.com', 1, 47, '2021-10-07 06:55:00'),
	(273, 'tjddo2791@naver.com', 1, 13, '2021-10-07 06:55:00'),
	(275, 'tjddo2791@naver.com', 1, 30, '2021-10-07 06:56:00'),
	(284, 'toproot@gmail.com', 1, 47, '2021-10-07 06:59:00'),
	(285, 'toproot@gmail.com', 1, 2, '2021-10-07 06:59:00'),
	(287, 'toproot@gmail.com', 1, 22, '2021-10-07 06:59:00'),
	(288, 'toproot@gmail.com', 1, 30, '2021-10-07 06:59:00'),
	(289, 'toproot@gmail.com', 1, 6, '2021-10-07 06:59:00'),
	(290, 'toproot@gmail.com', 1, 13, '2021-10-07 06:59:00'),
	(292, 'toproot@gmail.com', 1, 27, '2021-10-07 06:59:00'),
	(293, 'cse.it0516@gmail.com', 1, 13, '2021-10-07 07:00:00'),
	(295, 'tjddo2791@naver.com', 1, 11, '2021-10-07 07:01:00'),
	(299, 'tjddo2791@naver.com', 1, 47, '2021-10-07 07:02:00'),
	(307, 'tjddo2791@naver.com', 1, 2, '2021-10-07 07:05:00'),
	(308, 'cse.it0516@gmail.com', 1, 22, '2021-10-07 07:06:00'),
	(312, 'cse.it0516@gmail.com', 1, 1, '2021-10-07 07:06:00'),
	(313, 'cse.it0516@gmail.com', 1, 1, '2021-10-07 07:06:00'),
	(314, 'cse.it0516@gmail.com', 1, 2, '2021-10-07 07:06:00'),
	(315, 'cse.it0516@gmail.com', 1, 6, '2021-10-07 07:07:00'),
	(318, 'cse.it0516@gmail.com', 1, 27, '2021-10-07 07:07:00'),
	(319, 'cse.it0516@gmail.com', 1, 26, '2021-10-07 07:07:00'),
	(321, 'cse.it0516@gmail.com', 1, 22, '2021-10-07 07:07:00'),
	(323, 'cse.it0516@gmail.com', 1, 47, '2021-10-07 07:07:00'),
	(326, 'tjddo2791@naver.com', 1, 13, '2021-10-07 07:08:00'),
	(327, 'tjddo2791@naver.com', 1, 22, '2021-10-07 07:08:00'),
	(330, 'cse.it0516@gmail.com', 1, 22, '2021-10-07 07:08:00'),
	(341, 'tjddo2791@naver.com', 0, 4, '2021-10-07 07:11:00'),
	(342, 'tjddo2791@naver.com', 0, 21, '2021-10-07 07:11:00'),
	(345, 'rko3507@naver.com', 1, 1, '2021-10-07 07:12:00'),
	(355, 'cse.it0516@gmail.com', 1, 27, '2021-10-07 07:17:00'),
	(367, 'qweas2881@naver.com', 1, 1, '2021-10-07 08:03:00'),
	(368, 'qweas2881@naver.com', 1, 22, '2021-10-07 08:03:00'),
	(369, 'qweas2881@naver.com', 1, 2, '2021-10-07 08:03:00'),
	(370, 'qweas2881@naver.com', 1, 6, '2021-10-07 08:03:00'),
	(371, 'rko3507@naver.com', 1, 1, '2021-10-07 08:19:00'),
	(380, 'qweas2881@naver.com', 1, 1, '2021-10-07 08:27:00'),
	(381, 'qweas2881@naver.com', 1, 6, '2021-10-07 08:27:00'),
	(382, 'qweas2881@naver.com', 1, 22, '2021-10-07 08:28:00'),
	(383, 'toproot@gmail.com', 0, 1, '2021-10-07 08:29:00'),
	(384, 'toproot@gmail.com', 0, 6, '2021-10-07 08:29:00');
/*!40000 ALTER TABLE `request` ENABLE KEYS */;

-- 테이블 sub2.trade 구조 내보내기
CREATE TABLE IF NOT EXISTS `trade` (
  `trade_idx` int(11) NOT NULL,
  `trade_request_id` varchar(50) NOT NULL,
  `trade_response_id` varchar(50) DEFAULT NULL,
  `trade_coupon_id` varchar(30) NOT NULL,
  `trade_status` tinyint(1) DEFAULT 0,
  `trade_mileage` int(11) DEFAULT NULL,
  `trade_title` varchar(45) DEFAULT NULL,
  `trade_date` datetime NOT NULL,
  PRIMARY KEY (`trade_idx`)
) ENGINE=InnoDB DEFAULT CHARSET=utf8mb4;

-- 테이블 데이터 sub2.trade:~31 rows (대략적) 내보내기
/*!40000 ALTER TABLE `trade` DISABLE KEYS */;
INSERT INTO `trade` (`trade_idx`, `trade_request_id`, `trade_response_id`, `trade_coupon_id`, `trade_status`, `trade_mileage`, `trade_title`, `trade_date`) VALUES
	(234, 'rko3507@naver.com', 'rko3507@naver.com', '95918873', 1, 500, '팝니다', '2021-10-08 00:00:00'),
	(236, 'rko3507@naver.com', 'toproot@gmail.com', '959188733692', 1, 1000, '아메리카노 팝니다', '2021-10-08 00:00:00'),
	(245, 'qweas2881@naver.com', NULL, '5545687', 0, 13000, '치킨 판매합니다.', '2021-10-07 06:26:00'),
	(262, 'toproot@gmail.com', NULL, '12345678', 0, 1000, '싸게 드립니다~', '2021-10-07 06:50:00'),
	(269, 'tjddo2791@naver.com', 'rko3507@naver.com', '329854658721', 1, 4000, '일주일 남았습니다!', '2021-10-16 00:00:00'),
	(280, 'toproot@gmail.com', 'cse.it0516@gmail.com', '12345677', 1, 1500, '커피 한잔 하세요~', '2021-11-11 00:00:00'),
	(281, 'toproot@gmail.com', NULL, '12345678', 0, 2000, '카페인 중독', '2021-10-07 06:58:00'),
	(282, 'toproot@gmail.com', 'tjddo2791@naver.com', '123456789', 1, 500, '커피 뿌리는 중..', '2021-11-11 00:00:00'),
	(286, 'cse.it0516@gmail.com', NULL, '9845327861', 0, 4500, '도넛드세요 여러분', '2021-10-07 06:59:00'),
	(305, 'cse.it0516@gmail.com', 'tjddo2791@naver.com', '651289237', 1, 2800, '3주남았습니다!', '2021-10-30 00:00:00'),
	(316, 'toproot@gmail.com', 'rko3507@naver.com', '5555555552252525', 1, 4000, '케이크 드실분~!', '2022-11-11 00:00:00'),
	(317, 'tjddo2791@naver.com', NULL, '123456789333', 0, 2000, '건강이 1순위', '2021-10-07 07:07:00'),
	(320, 'toproot@gmail.com', NULL, '1424242424141441414', 0, 2000, '밀크티 팝니다~', '2021-10-07 07:07:00'),
	(322, 'toproot@gmail.com', NULL, '6578321254', 0, 15000, '오늘은 치킨이닭!', '2021-10-07 07:07:00'),
	(324, 'toproot@gmail.com', NULL, '44444444444444', 0, 13000, '피자 싸게 드립니다..', '2021-10-07 07:08:00'),
	(325, 'toproot@gmail.com', NULL, '32456512978', 0, 2000, '커피 팔아서 치킨 먹자', '2021-10-07 07:08:00'),
	(329, 'toproot@gmail.com', NULL, '111111111111', 0, 500, '코로나 극복 기원!!', '2021-10-07 07:08:00'),
	(331, 'toproot@gmail.com', NULL, '142441411414', 0, 3000, '햄버거는 마스터치 :)', '2021-10-07 07:08:00'),
	(333, 'toproot@gmail.com', NULL, '12222222222222222222', 0, 2000, '도넛 양도합니다..', '2021-10-07 07:09:00'),
	(335, 'toproot@gmail.com', NULL, '444444442424244', 0, 3000, '밀크티 좋아하시는 분~', '2021-10-07 07:09:00'),
	(336, 'toproot@gmail.com', NULL, '78932456512', 0, 3000, '커피 멈춰!', '2021-10-07 07:09:00'),
	(339, 'tjddo2791@naver.com', NULL, '654654', 0, 3000, '코딩엔 역시 커피!', '2021-10-07 07:10:00'),
	(352, 'rko3507@naver.com', NULL, '123456', 0, 1000, '커피팝니다', '2021-10-07 07:16:00'),
	(353, 'cse.it0516@gmail.com', NULL, '444415957346', 0, 12000, '굽네 드실분!', '2021-10-07 07:16:00'),
	(361, 'cse.it0516@gmail.com', NULL, '66621345798', 0, 1600, 'Black Milk Tea', '2021-10-07 07:39:00'),
	(362, 'cse.it0516@gmail.com', NULL, '9996542154', 0, 12000, '굽네 팔아요~', '2021-10-07 07:40:00'),
	(363, 'cse.it0516@gmail.com', NULL, '73333645978', 0, 1000, '코딩하면서 1포!', '2021-10-07 07:41:00'),
	(364, 'cse.it0516@gmail.com', NULL, '33159753654', 0, 2400, '도넛 ㄱㄱ', '2021-10-07 07:41:00'),
	(365, 'cse.it0516@gmail.com', NULL, '222245678912', 0, 6000, '싸게 사가세요!', '2021-10-07 07:42:00'),
	(366, 'cse.it0516@gmail.com', NULL, '888819557345', 0, 3900, '실수로 싸게 올림 ㅠ', '2021-10-07 07:42:00'),
	(377, 'rko3507@naver.com', NULL, '123456', 0, 1000, '팝니다', '2021-10-07 08:24:00');
/*!40000 ALTER TABLE `trade` ENABLE KEYS */;

-- 테이블 sub2.transaction 구조 내보내기
CREATE TABLE IF NOT EXISTS `transaction` (
  `id` int(11) NOT NULL,
  `block_hash` varchar(255) DEFAULT NULL,
  `block_number` varchar(255) DEFAULT NULL,
  `from_id` varchar(255) DEFAULT NULL,
  `gas_price` varchar(255) DEFAULT NULL,
  `hash` varchar(255) DEFAULT NULL,
  `status` varchar(255) DEFAULT NULL,
  `to_id` varchar(255) DEFAULT NULL,
  `transaction_index` varchar(255) DEFAULT NULL,
  `value` varchar(255) DEFAULT NULL,
  PRIMARY KEY (`id`)
) ENGINE=InnoDB DEFAULT CHARSET=utf8mb4;

-- 테이블 데이터 sub2.transaction:~90 rows (대략적) 내보내기
/*!40000 ALTER TABLE `transaction` DISABLE KEYS */;
INSERT INTO `transaction` (`id`, `block_hash`, `block_number`, `from_id`, `gas_price`, `hash`, `status`, `to_id`, `transaction_index`, `value`) VALUES
	(203, '0x858347e1b90c4d19183d2eba03c2a8ca9cea1ded50865447ea2ab288226a224a', '9612', '0x77c8bba966f408003839d35c4d01d98e2ba0da9d', '51294', '0xce08900bbd66f10d5d9443e384e94d94f2c29c05c8e0fdc69404f7d95884dac3', '0x1', '0x8a37ad10760d8ab25e99621e4b043d96f96879d4', '0', '0x00000000000000000000000000000000000000000000000000000000000186a0'),
	(204, '0x9ef909c8a0ab1ef36461ecfe3a29d39ac89a2420f831807a605da3565250255e', '9619', '0x77c8bba966f408003839d35c4d01d98e2ba0da9d', '51294', '0x3ce3cd0d69ee47d8a2a6516975814871a5cbc654acd195fb802492938c1d9311', '0x1', '0x8a37ad10760d8ab25e99621e4b043d96f96879d4', '0', '0x00000000000000000000000000000000000000000000000000000000000186a0'),
	(205, '0x9d7c197b6f04e34420d1de00fb83face06c9ba9565e7ae2da12ebc84a22088ee', '9630', '0x77c8bba966f408003839d35c4d01d98e2ba0da9d', '51294', '0x2fb1bd403e54c74905024f0f8b9486e5af097949b9bda9635965c8d4af0d92f5', '0x1', '0x8a37ad10760d8ab25e99621e4b043d96f96879d4', '0', '0x00000000000000000000000000000000000000000000000000000000000186a0'),
	(206, '0x6bef986ff64e1ab05335b2492b7e615080f99108e2d68065ff8dcdd17ba216a1', '9645', '0x77c8bba966f408003839d35c4d01d98e2ba0da9d', '51294', '0x29769aeeec20f9f665eb6f1957d73c56ab487d8533d457871e161e2612896450', '0x1', '0x8a37ad10760d8ab25e99621e4b043d96f96879d4', '0', '0x00000000000000000000000000000000000000000000000000000000000186a0'),
	(208, '0xb8a689888507f825522d0ca9a0a73b4b98df50461472782517f24a2008259dea', '9765', '0xadf2b4e5a6c3a919434efc386f6f4a923215697b', '36230', '0xf4d9f62d2d2574ca6c0ed11764f0de867481141f7e39625d6d465e9935772d6e', '0x1', '0x8a37ad10760d8ab25e99621e4b043d96f96879d4', '0', '0x0000000000000000000000000000000000000000000000000000000000000190'),
	(209, '0xa5d6e4daffee7c0f04ba65c45465930ae896990756e49126c32039ff5bc416e4', '10130', '0x77c8bba966f408003839d35c4d01d98e2ba0da9d', '51230', '0x303e57d8f0b7634b8fa642378c52685372841dd20c54d24c89a0ff2215e9d42f', '0x1', '0x8a37ad10760d8ab25e99621e4b043d96f96879d4', '0', '0x000000000000000000000000000000000000000000000000000000000000c350'),
	(210, '0x2362edece765fc559b3c37d581435902c59f0d32889024b25c917578e480a21b', '10173', '0x77c8bba966f408003839d35c4d01d98e2ba0da9d', '51230', '0x28bf844ab43af1dc2742e74e625e5859fd3fcad29c159935724131e35c63e11c', '0x1', '0x8a37ad10760d8ab25e99621e4b043d96f96879d4', '0', '0x000000000000000000000000000000000000000000000000000000000000ea60'),
	(216, '0xca202b007e16408c43e932e28a9368c467361fd9014db5a7cce58f3283fa0ef2', '10232', '0x927da007bc52d2dfd36e5740ec1f3b0e6ee97963', '36166', '0x50d82dc3bcdf41e59fe5feceddff410528f4700172933156716ad13f1d18bc02', '0x1', '0x8a37ad10760d8ab25e99621e4b043d96f96879d4', '0', '0x0000000000000000000000000000000000000000000000000000000000001004'),
	(218, '0xc8afc5ec209e0defeff3478f4d9d50abb2489aa89e329786ebda70861d737dc5', '10243', '0x927da007bc52d2dfd36e5740ec1f3b0e6ee97963', '36166', '0xdbbabdc93bd48aca118f92bfe26ec515b8952b2eb45beb23e1bff5d9fccf9466', '0x1', '0x8a37ad10760d8ab25e99621e4b043d96f96879d4', '0', '0x0000000000000000000000000000000000000000000000000000000000001004'),
	(220, '0xddeec861112511e14f47c6e35969f92fee9dc4da239c9696554ad8a8081cd25e', '10268', '0xd533c46220bab3f1de2ac5bfb2a4bbc27ec25d78', '36166', '0xf65cd21823ed22fc3c54d57a06826507c905bdc185b8376a8adc01c4f6c4f6ce', '0x1', '0x8a37ad10760d8ab25e99621e4b043d96f96879d4', '0', '0x0000000000000000000000000000000000000000000000000000000000001068'),
	(221, '0x17872b25274bee42e4cc706859c3269a285cc5a4445aa1782ba5e2f394137155', '10277', '0xd533c46220bab3f1de2ac5bfb2a4bbc27ec25d78', '36166', '0x81f83b2ffaf8d658a7e7c116602a9d390571ea9317a64ed9ac78f0faf35c0655', '0x1', '0x8a37ad10760d8ab25e99621e4b043d96f96879d4', '0', '0x000000000000000000000000000000000000000000000000000000000000189c'),
	(222, '0x65f62369bccdd05dbc7e5930736c218e5a4303b162bdeeb59d55927c07c0ed94', '10286', '0xd533c46220bab3f1de2ac5bfb2a4bbc27ec25d78', '36166', '0xbed2ed85f9e6cd074a598eb5b4dd3f1760ddb6a973af64fd301c17052c6f9be4', '0x1', '0x8a37ad10760d8ab25e99621e4b043d96f96879d4', '0', '0x0000000000000000000000000000000000000000000000000000000000004e20'),
	(223, '0x2c2967a0e0473b5976924573b0289575d8839a9cc97e8baeaad57f13c2b49f6c', '10292', '0x77c8bba966f408003839d35c4d01d98e2ba0da9d', '51230', '0x9b89f073e5c470b18ccd1426020bc56ea31920c940696b15936e3b962b92dfc2', '0x1', '0x8a37ad10760d8ab25e99621e4b043d96f96879d4', '0', '0x000000000000000000000000000000000000000000000000000000000000ea60'),
	(224, '0xd3a0a4204b93c381dd2fe388d3fdb479ae28384c769f7c5984fe4ffe22c47025', '10295', '0x4a3f377ebdb4df0e32a6faf03bf27f7b8bcbedc9', '36166', '0x99d95bca522d4a1cfa33ad9c030654798b29d136365b9b4415c74b727025be00', '0x1', '0x8a37ad10760d8ab25e99621e4b043d96f96879d4', '0', '0x000000000000000000000000000000000000000000000000000000000000189c'),
	(225, '0xa4622c0105437bbe6d0cca3f597e13cae040eac18685abc20c4cea589673d4aa', '10297', '0x77c8bba966f408003839d35c4d01d98e2ba0da9d', '51294', '0x03306835c65d07f62601bbf3c1b9b8a73a3ba3e3854e6e0987adcbd700a84148', '0x1', '0x8a37ad10760d8ab25e99621e4b043d96f96879d4', '0', '0x0000000000000000000000000000000000000000000000000000000000011170'),
	(226, '0x2984103fe10dc87951ecbefea488b54d93501135700d9410c3c6a04af7cb771a', '10301', '0x77c8bba966f408003839d35c4d01d98e2ba0da9d', '51294', '0xe2fbb991416d5fa4f3ec14ffacca89b7a3fab521ca1197843488acff8624a8b3', '0x1', '0x8a37ad10760d8ab25e99621e4b043d96f96879d4', '0', '0x00000000000000000000000000000000000000000000000000000000000493e0'),
	(227, '0x7a646472b3d979e92ab47aad1b6b6c36468ec4c7ab73967b4757fcd155c086de', '10304', '0x77c8bba966f408003839d35c4d01d98e2ba0da9d', '36294', '0xde46d95f2abdd8092f138d67292176a819bf02bbc3242aefc5e0b9c6b4c417ab', '0x1', '0x8a37ad10760d8ab25e99621e4b043d96f96879d4', '0', '0x00000000000000000000000000000000000000000000000000000000000f4240'),
	(228, '0x2aa25e58336d4ecb36438b6d205ac8919409d80cce5374a9e5e3295d32c73585', '10310', '0x77c8bba966f408003839d35c4d01d98e2ba0da9d', '51294', '0x36e7b15de51e34bf988a6a8c670caeed47520d4c813296c4cf1d1167b66c731b', '0x1', '0x8a37ad10760d8ab25e99621e4b043d96f96879d4', '0', '0x0000000000000000000000000000000000000000000000000000000000061a80'),
	(229, '0xf07bdc7274a2ce325045af3cbba07b4f6e41a4b051a279d9bfc70bb944d932cf', '10312', '0x77c8bba966f408003839d35c4d01d98e2ba0da9d', '51294', '0xfe6180408dbf7bb6f4356f0e9d73f16c076b4964e512b107c8b0600ddd8a5671', '0x1', '0x8a37ad10760d8ab25e99621e4b043d96f96879d4', '0', '0x000000000000000000000000000000000000000000000000000000000007a120'),
	(230, '0xb017f1130ad16655e49dcc2a1e011d87173be568a5fdd56ea328f9ea4bef59cf', '10315', '0x77c8bba966f408003839d35c4d01d98e2ba0da9d', '51294', '0xae507b42aee811b5a5f485f57900d74b66804642aae2c7ff05a72ce667b869ed', '0x1', '0x8a37ad10760d8ab25e99621e4b043d96f96879d4', '0', '0x00000000000000000000000000000000000000000000000000000000000927c0'),
	(231, '0x6f82f36ef0bc04731bf88a227ab8d8e0aa7f2b005cf3ef35eeafce33800e1e22', '10318', '0x77c8bba966f408003839d35c4d01d98e2ba0da9d', '51294', '0xb0b852420d9cbf1b122a2d7bada2d1184e1eeb999c83775ad21b0c428e99ab67', '0x1', '0x8a37ad10760d8ab25e99621e4b043d96f96879d4', '1', '0x00000000000000000000000000000000000000000000000000000000000aae60'),
	(232, '0x3c72dd86b3ba307cd782e02fca0327573e3a843c0f3f3efb68d03cc9e75249f1', '10320', '0x77c8bba966f408003839d35c4d01d98e2ba0da9d', '51230', '0xf1fd631f35c9467e380fd992eb4ceb8fe968ea4ccfa68b8da2f9e47e5f1d8d58', '0x1', '0x8a37ad10760d8ab25e99621e4b043d96f96879d4', '0', '0x00000000000000000000000000000000000000000000000000000000000c3500'),
	(233, '0x88eb6118771739d3dc3cb59741584b95ddafb851d8e62f0fc5e96b79f612593e', '10323', '0x77c8bba966f408003839d35c4d01d98e2ba0da9d', '51166', '0xa5dd8cb45521c25a5d072a107d5cf1322ff94a96fed6527a4e5119230956f296', '0x1', '0x8a37ad10760d8ab25e99621e4b043d96f96879d4', '0', '0x00000000000000000000000000000000000000000000000000000000000dbba0'),
	(235, '0x21c17e4cbfef2511ca3d111704eac59582b4452a47c8762a7efd9c0cdc5e9b43', '10325', '0x77c8bba966f408003839d35c4d01d98e2ba0da9d', '36294', '0x732e65dc6ecee8c5fe07d599e1e0a47a9b40e1966406eb4f9a063ea57e5a27e8', '0x1', '0x8a37ad10760d8ab25e99621e4b043d96f96879d4', '0', '0x000000000000000000000000000000000000000000000000000000000007a120'),
	(237, '0x8cd0fe9ab2ef3329baa46aba1abd77e515f0edee41481e554c223bb8b6840494', '10326', '0x77c8bba966f408003839d35c4d01d98e2ba0da9d', '36294', '0x8cac6535864645dce54b55d969efae25ef850e4e9b35a2f1661692026a6f2719', '0x1', '0x8a37ad10760d8ab25e99621e4b043d96f96879d4', '0', '0x00000000000000000000000000000000000000000000000000000000000493e0'),
	(239, '0x456d68b47be6374810eec0a804fea6bd1afc8a31e92ed04611cb11adb77e411e', '10331', '0x77c8bba966f408003839d35c4d01d98e2ba0da9d', '36294', '0x8a87e49ee4f1ddb1aab93be56899f36ffc655bdf3f4d594067d16430587a6da4', '0x1', '0x8a37ad10760d8ab25e99621e4b043d96f96879d4', '0', '0x00000000000000000000000000000000000000000000000000000000000927c0'),
	(241, '0x7bdc730733f35ea4502b3296a9313a25265a14bc3daf419d21d5b1b2147adb54', '10342', '0xadf2b4e5a6c3a919434efc386f6f4a923215697b', '36166', '0xd4d11315d5451fa09dcfe02ee9039de2d3a59aaac131012f280f774591c42cdc', '0x1', '0x8a37ad10760d8ab25e99621e4b043d96f96879d4', '0', '0x0000000000000000000000000000000000000000000000000000000000001004'),
	(242, '0xcf979f72528374ce97ec46ea75d2fefa1bfd6c742e0c2b9ab09d70346d39266a', '10346', '0xadf2b4e5a6c3a919434efc386f6f4a923215697b', '36166', '0xf677acf64cb894b449cf38969ac7d99fb9899af56da2f393c0d945829c8f8acf', '0x1', '0x8a37ad10760d8ab25e99621e4b043d96f96879d4', '0', '0x0000000000000000000000000000000000000000000000000000000000001004'),
	(244, '0x17369fcbb94bb601d2a5e190a3c1c7699099ce394597f0a9b421dac1f8e445dc', '10397', '0xadf2b4e5a6c3a919434efc386f6f4a923215697b', '36166', '0xdfbc7abd8b9dba6323e81435dc220f0956078d33f3ba1b5d02668687b64620aa', '0x1', '0x8a37ad10760d8ab25e99621e4b043d96f96879d4', '0', '0x0000000000000000000000000000000000000000000000000000000000004e20'),
	(247, '0x90476b4a2d8e892f056ec6b31acd39161a2ae2e1875e5ba3caafd1c720ca0b3a', '10418', '0xadf2b4e5a6c3a919434efc386f6f4a923215697b', '36166', '0x9d43d42b38c2cb37a0a7cebec5b04581c9aeb7e87ec3e746c3829445a60910fa', '0x1', '0x8a37ad10760d8ab25e99621e4b043d96f96879d4', '0', '0x0000000000000000000000000000000000000000000000000000000000004e20'),
	(250, '0x080e69a9f8ea2a935ebbbfb15cf9ff9c89d6b293e6f69b8b94cef85ec67b1bae', '10497', '0x4a3f377ebdb4df0e32a6faf03bf27f7b8bcbedc9', '36166', '0x56c9bc3445de8887f2d0c8a6d7dca020eda7455a43e8b32819526dd0291e0f9e', '0x1', '0x8a37ad10760d8ab25e99621e4b043d96f96879d4', '0', '0x0000000000000000000000000000000000000000000000000000000000001004'),
	(251, '0x44dba264505c8e8fe91272081b5590f322963d4c0c796a68b9cfba5d80f7c305', '10505', '0x927da007bc52d2dfd36e5740ec1f3b0e6ee97963', '36166', '0x3618fd7156d0e4dbb51455a996264b8e9919ebfb3fe0f0aae23aa9a596eb19e1', '0x1', '0x8a37ad10760d8ab25e99621e4b043d96f96879d4', '0', '0x0000000000000000000000000000000000000000000000000000000000001004'),
	(261, '0x711ed24772fbd38d38a3db52eaab99a141da6cb7bbfcd71378aedd020fa90720', '10566', '0xd533c46220bab3f1de2ac5bfb2a4bbc27ec25d78', '36166', '0x56e73c0464910eb9edc52f5b28a609331267ce7fd90c1cd14a9c1f61edc59c6e', '0x1', '0x8a37ad10760d8ab25e99621e4b043d96f96879d4', '0', '0x0000000000000000000000000000000000000000000000000000000000001004'),
	(263, '0xc60dacae7b030c7dd522dfb1299abb6ae8541a36b1ca234f540f08d8e0bf3ddf', '10573', '0x77c8bba966f408003839d35c4d01d98e2ba0da9d', '51294', '0xb6954820163b915e4a86c47814f72c708f76a2b65dddfe49ddc49266efccfa7b', '0x1', '0x8a37ad10760d8ab25e99621e4b043d96f96879d4', '0', '0x00000000000000000000000000000000000000000000000000000000001e8480'),
	(264, '0x85a6ca75282e069f96ad8db40d1760108edd3acaa86e9b6492157309e3908e21', '10583', '0x4a3f377ebdb4df0e32a6faf03bf27f7b8bcbedc9', '36166', '0x1eae0c03567cf2ece6b601cebcbba364a782f1310122494a69449a5d90aa1738', '0x1', '0x8a37ad10760d8ab25e99621e4b043d96f96879d4', '0', '0x0000000000000000000000000000000000000000000000000000000000001068'),
	(265, '0xeea4a92ef8fa8622936e2f5876b0a530d48582e61e6afc66fce5f71ff082abf4', '10590', '0x4a3f377ebdb4df0e32a6faf03bf27f7b8bcbedc9', '36166', '0xd10b95066e3ca548ccc4b1385cf8f56f8d530da37df3e978acb6a50892aea41a', '0x1', '0x8a37ad10760d8ab25e99621e4b043d96f96879d4', '0', '0x0000000000000000000000000000000000000000000000000000000000001004'),
	(266, '0xd7fcbec0140950e7267547a46a5ef75fe6a9e4d49552433c6de7194d8ba25571', '10604', '0xd533c46220bab3f1de2ac5bfb2a4bbc27ec25d78', '36166', '0xa5aa1fd2844450c20e629f61de8520035760d711d268ed7feb0a0802db6f1ccf', '0x1', '0x8a37ad10760d8ab25e99621e4b043d96f96879d4', '0', '0x0000000000000000000000000000000000000000000000000000000000001004'),
	(268, '0x6e748b88634f264c0f81c08a11f6df186befb80796fccac5d31ec87710ffd543', '10620', '0xb83b97bf466fd6b1836d80619eac4e9ed29ce568', '36166', '0x9865e297f5d425f4becf7493da1e84ce5b3c24944a14e02710cad379c8ae611a', '0x1', '0x8a37ad10760d8ab25e99621e4b043d96f96879d4', '0', '0x0000000000000000000000000000000000000000000000000000000000002328'),
	(270, '0x58aef616573c1a09bd7e6f87f0b77353228fccdb2f1128602b7fe7fa0a9a74b3', '10628', '0xd533c46220bab3f1de2ac5bfb2a4bbc27ec25d78', '36166', '0x6e93e963281b114afa84bd6c455e98d864536d8bb90833aed6b3376ab812c228', '0x1', '0x8a37ad10760d8ab25e99621e4b043d96f96879d4', '0', '0x0000000000000000000000000000000000000000000000000000000000001004'),
	(271, '0x6b4db9d1dd67928d7cd05e2ce49a851c3331e83cc426cc84f779cc7d005080c8', '10630', '0xd533c46220bab3f1de2ac5bfb2a4bbc27ec25d78', '36166', '0x51929b8baf3f12b9f1b62fcbc38eecf065f1e986102a19dc44b74520ea0cf429', '0x1', '0x8a37ad10760d8ab25e99621e4b043d96f96879d4', '0', '0x0000000000000000000000000000000000000000000000000000000000001004'),
	(274, '0x2e4c9d8823a01bec332b7b34b8ae7ae7b2083cee2f502c205dab3e8a5d8370f0', '10632', '0xd533c46220bab3f1de2ac5bfb2a4bbc27ec25d78', '36166', '0x8a0019dcc38baaf9b9cb54942fc21245f8aede729e756367f7d9c1ae3dfbd715', '0x1', '0x8a37ad10760d8ab25e99621e4b043d96f96879d4', '0', '0x0000000000000000000000000000000000000000000000000000000000001004'),
	(276, '0x86a83daa59e230c542994c7174ad1f00e5a05353639efe2880d02d6f0ce2649a', '10635', '0xd533c46220bab3f1de2ac5bfb2a4bbc27ec25d78', '36166', '0xb6af751e0401ad1ba0fcd83069f9d20e02d2fbb7839570bfd227023d3abcdc9e', '0x1', '0x8a37ad10760d8ab25e99621e4b043d96f96879d4', '0', '0x0000000000000000000000000000000000000000000000000000000000001004'),
	(277, '0x1298a8343ffb573477227bc7464ed9160c53205184ca99687b0b6cf26c81b874', '10643', '0xd533c46220bab3f1de2ac5bfb2a4bbc27ec25d78', '36166', '0xd71c1d7bf87f48fcee753da126aa03d1d29200e75973ad7a4dce7d17869015b1', '0x1', '0x8a37ad10760d8ab25e99621e4b043d96f96879d4', '0', '0x0000000000000000000000000000000000000000000000000000000000001004'),
	(278, '0xa30c8473bebc3ab1324970a8a6732f295e5fc0a9f974bf6950b8031ff2476942', '10649', '0xd533c46220bab3f1de2ac5bfb2a4bbc27ec25d78', '36166', '0xa55e860846bc49de8cdb3e7258cdb46d2ddb0b6703c163044d48656b9f5379d6', '0x1', '0x8a37ad10760d8ab25e99621e4b043d96f96879d4', '0', '0x0000000000000000000000000000000000000000000000000000000000001004'),
	(279, '0x3d7cb16dd584320c7e78d07077db4eeed1a58ef8e4aad34890726a4d27f3c1c8', '10650', '0x4a3f377ebdb4df0e32a6faf03bf27f7b8bcbedc9', '36166', '0x3f389f9274f4a4d98f675f57c2bde58164b4409bfe442ff4f03ab673c414af7b', '0x1', '0x8a37ad10760d8ab25e99621e4b043d96f96879d4', '0', '0x0000000000000000000000000000000000000000000000000000000000000bb8'),
	(283, '0x4a4afec9f1381325850e8e777ab2a357d0ae32f62872b8c7c68a50c8a879fe45', '10656', '0x4a3f377ebdb4df0e32a6faf03bf27f7b8bcbedc9', '36166', '0xc9167d72bb51c71d2633e488520eb8042c5764fc500696f3ed1149174a1ccc19', '0x1', '0x8a37ad10760d8ab25e99621e4b043d96f96879d4', '0', '0x0000000000000000000000000000000000000000000000000000000000006978'),
	(291, '0x19b0041bc1e919da30699a7dadd5f3548ca1f46ffeb7bd16bc76fe839f7405e5', '10662', '0x4a3f377ebdb4df0e32a6faf03bf27f7b8bcbedc9', '36166', '0x99e32b1c6cb3a348c5cc453b66d1f01b6251a5ab6c7b38fdd832b911455c876e', '0x1', '0x8a37ad10760d8ab25e99621e4b043d96f96879d4', '0', '0x00000000000000000000000000000000000000000000000000000000000016a8'),
	(294, '0x77b3ab2870c8effbf04be470825b8b66f23adac250c29cb68206f4a0c77e5e90', '10672', '0xd533c46220bab3f1de2ac5bfb2a4bbc27ec25d78', '36166', '0xfe6c47e5ba4db811e99616c84c397eafea001230b58504121b18ecbc00453463', '0x1', '0x8a37ad10760d8ab25e99621e4b043d96f96879d4', '0', '0x0000000000000000000000000000000000000000000000000000000000000bb8'),
	(296, '0x015a0129c1e7af63a4c788ca0bbf4bbc9b3f1681088fcf2a7c673386b48a0d4a', '10676', '0xd533c46220bab3f1de2ac5bfb2a4bbc27ec25d78', '36166', '0xbebe1465bc5dd933eb31c7de5bba0f32eb026ac12b744db7eb8731ed3c0441c5', '0x1', '0x8a37ad10760d8ab25e99621e4b043d96f96879d4', '0', '0x0000000000000000000000000000000000000000000000000000000000004a38'),
	(297, '0x5250901a80d82ff9a414292dd931f6f917a9919c602ddb2f8b5e35c063bd5ddf', '10683', '0xd533c46220bab3f1de2ac5bfb2a4bbc27ec25d78', '36166', '0xab50f88141e608cf5195b268125de028e5d409dcfddc0089634b30f730daf519', '0x1', '0x8a37ad10760d8ab25e99621e4b043d96f96879d4', '0', '0x0000000000000000000000000000000000000000000000000000000000002328'),
	(298, '0xa3e153a6588312c86423783da9b05e919791fe7ead7d4291d155b4878a07be22', '10688', '0x4a3f377ebdb4df0e32a6faf03bf27f7b8bcbedc9', '36166', '0xb97dfeb849cf869f11d53ec938bc03841d2baee193977b7a4b8601e8b28e2825', '0x1', '0x8a37ad10760d8ab25e99621e4b043d96f96879d4', '0', '0x00000000000000000000000000000000000000000000000000000000000074cc'),
	(300, '0x318af7ce17525d464411189ce0d2065b94ac3416728b29b0f6fe2f5f8b4e1b02', '10692', '0xd533c46220bab3f1de2ac5bfb2a4bbc27ec25d78', '36166', '0x2c66d1ce41d04aca5cf02da7d180fac31e072d00e1d766161815ec38ff3a71ac', '0x1', '0x8a37ad10760d8ab25e99621e4b043d96f96879d4', '0', '0x0000000000000000000000000000000000000000000000000000000000001068'),
	(301, '0x21f9aa3b68d54f76b6b0071b95d12223d9c8b040ace45cfca1ea96d834e1341f', '10702', '0xd533c46220bab3f1de2ac5bfb2a4bbc27ec25d78', '36166', '0xf18db7978cfc9dc05f61db271a63c3b5920a932c1481589f5df173cf46ec8170', '0x1', '0x8a37ad10760d8ab25e99621e4b043d96f96879d4', '0', '0x0000000000000000000000000000000000000000000000000000000000006978'),
	(302, '0xbdbd0372f3897fa4f86943218f78527f277769ffb4e9e17fa635039cb773d14b', '10706', '0x4a3f377ebdb4df0e32a6faf03bf27f7b8bcbedc9', '36166', '0x8a61a31003c8ba9ab7ba09ae154fd9eb27e68e8a9581f46ace42ea56437309b9', '0x1', '0x8a37ad10760d8ab25e99621e4b043d96f96879d4', '0', '0x0000000000000000000000000000000000000000000000000000000000000bb8'),
	(303, '0xfb044e9349af9806a37aca2d8d2beef1b1dffde1ec40b20144f0139afa5dc67b', '10713', '0xd533c46220bab3f1de2ac5bfb2a4bbc27ec25d78', '36166', '0x4d881e599b74776429c3b56be0aea90168431f7970b4916c2d7557d5ee70ca6d', '0x1', '0x8a37ad10760d8ab25e99621e4b043d96f96879d4', '0', '0x000000000000000000000000000000000000000000000000000000000000189c'),
	(304, '0xd7ce76a5e277f1f643278db332ba5f3defeb454f3ea31dac9cae9e722fd5b094', '10714', '0xb83b97bf466fd6b1836d80619eac4e9ed29ce568', '36166', '0x4ea02a08ab08250f603655220a87124eba86c640c39621cf0aa3a6e02377413d', '0x1', '0x8a37ad10760d8ab25e99621e4b043d96f96879d4', '0', '0x00000000000000000000000000000000000000000000000000000000000016a8'),
	(306, '0x7098a1e95ffce1c618b945d727dd405d9dee41246ed49729467c739103e2bf66', '10717', '0xd533c46220bab3f1de2ac5bfb2a4bbc27ec25d78', '36166', '0x0bae259bccf4c5fcc87928c3fe620016f8439128506f98e6a5533710c80a07ed', '0x1', '0x8a37ad10760d8ab25e99621e4b043d96f96879d4', '0', '0x0000000000000000000000000000000000000000000000000000000000001068'),
	(309, '0xe4864606bfe119b3f1ae053a6b600e8bcfe5ce80763951787b691c6dcfd6c323', '10730', '0xd533c46220bab3f1de2ac5bfb2a4bbc27ec25d78', '36166', '0x21168fa8034698682ee5fff1f23a76797523bcf507c523b69b08cb1bd8cb7e38', '0x1', '0x8a37ad10760d8ab25e99621e4b043d96f96879d4', '0', '0x00000000000000000000000000000000000000000000000000000000000016a8'),
	(310, '0xe4864606bfe119b3f1ae053a6b600e8bcfe5ce80763951787b691c6dcfd6c323', '10730', '0x4a3f377ebdb4df0e32a6faf03bf27f7b8bcbedc9', '36166', '0x2f6bcf3abc3634170935cd4ef7fa8672883f285cdc767e3e7755966e04103210', '0x1', '0x8a37ad10760d8ab25e99621e4b043d96f96879d4', '1', '0x0000000000000000000000000000000000000000000000000000000000002328'),
	(311, '0xfb460d7ace2f17a0d1fbbd9eec19cc8257ab26886a1ffea04c151ef94ee4fa7b', '10737', '0xb83b97bf466fd6b1836d80619eac4e9ed29ce568', '36166', '0x4f15bfb46b0a25df4c0559cdd13bc809dbe7402e14b56b1a4d008761b13a09c7', '0x1', '0x8a37ad10760d8ab25e99621e4b043d96f96879d4', '0', '0x0000000000000000000000000000000000000000000000000000000000001068'),
	(328, '0x98c04aa2c4a08ec406ad9e6a45db2fc616ce8c23b51b827ea5f0926aec90acfd', '10749', '0xb83b97bf466fd6b1836d80619eac4e9ed29ce568', '36166', '0x9b030f92e664cad59d362dd191fc7ca964be2e780923f6c2a5c9900509cb55e5', '0x1', '0x8a37ad10760d8ab25e99621e4b043d96f96879d4', '0', '0x0000000000000000000000000000000000000000000000000000000000001004'),
	(332, '0x503314d4d9ae679837d93e1ea6dca4ffe0325dc558232a82f9591cadd7bf2bdc', '10756', '0x4a3f377ebdb4df0e32a6faf03bf27f7b8bcbedc9', '36166', '0x3206506e7e4721ac2af2fc2fa2a5abf172e4f645b02141e632e10cd63ebeb463', '0x1', '0x8a37ad10760d8ab25e99621e4b043d96f96879d4', '0', '0x0000000000000000000000000000000000000000000000000000000000001068'),
	(334, '0xa956aca8232a51ead188fc933c3cac7e755a2cc181e4b401253bdfdb45fea11e', '10760', '0xb83b97bf466fd6b1836d80619eac4e9ed29ce568', '36166', '0x02eacc71f2f0416c64a2e27c37909f5b4227474c82dfefe160cd2dfbae7ae53b', '0x1', '0x8a37ad10760d8ab25e99621e4b043d96f96879d4', '0', '0x0000000000000000000000000000000000000000000000000000000000001004'),
	(337, '0x81f627e93a6149c53cc82cde5d3b45a8d8ad8b4d54e724360bc9e2cd88d38eb9', '10761', '0x4a3f377ebdb4df0e32a6faf03bf27f7b8bcbedc9', '36166', '0x23fdb80d6774dd8b0d37b57ef9c8e68359b39e1167822f504b8c8c761e8e8f2d', '0x1', '0x8a37ad10760d8ab25e99621e4b043d96f96879d4', '0', '0x00000000000000000000000000000000000000000000000000000000000016a8'),
	(338, '0xbdf789bb67fa6308360a7326643df198be247316b82b2c38c5ba990d5250157f', '10765', '0xb83b97bf466fd6b1836d80619eac4e9ed29ce568', '36166', '0xd114e6f4d916a470f04a202479c3833cbe3eb8efda7ba549ffe56c2dfddf2943', '0x1', '0x8a37ad10760d8ab25e99621e4b043d96f96879d4', '0', '0x0000000000000000000000000000000000000000000000000000000000002328'),
	(340, '0xa5add733ad103b60ee137c3fee8f30bced745b0b74caee85902e73a707e91269', '10771', '0xb83b97bf466fd6b1836d80619eac4e9ed29ce568', '36166', '0x7d84ad209c6badfdd1f56db4a060e55ccf07b7e5de184237df44d513334b8294', '0x1', '0x8a37ad10760d8ab25e99621e4b043d96f96879d4', '0', '0x000000000000000000000000000000000000000000000000000000000000189c'),
	(343, '0x60159909f2d0ba1ec4ea87389aa1ae4a5a5d9db0365ed65c2ef2cf89aad97974', '10778', '0xb83b97bf466fd6b1836d80619eac4e9ed29ce568', '36166', '0xa1c6f71a2f46db2b0b89d5a1e6dd1ac9c498b4dece986894aad84f7c07e01c60', '0x1', '0x8a37ad10760d8ab25e99621e4b043d96f96879d4', '0', '0x0000000000000000000000000000000000000000000000000000000000004a38'),
	(344, '0x4f96339354407515c6bbd66474fc2e9353ae82687572e821e1c70e5a16582613', '10785', '0xb83b97bf466fd6b1836d80619eac4e9ed29ce568', '36166', '0x98ae74facd10c500729683ca0778f86a49fd281daa441f3340d0f80b6278b03f', '0x1', '0x8a37ad10760d8ab25e99621e4b043d96f96879d4', '0', '0x0000000000000000000000000000000000000000000000000000000000001068'),
	(346, '0x3e59237d750248c42411c69a0713c0757703c872967a6dfc62f3bfecf6751279', '10793', '0x4a3f377ebdb4df0e32a6faf03bf27f7b8bcbedc9', '36230', '0x437b96d48da79c8c9c1c6661918bf74bba7753f5d1b0e735f97471ae38873de2', '0x1', '0x8a37ad10760d8ab25e99621e4b043d96f96879d4', '0', '0x0000000000000000000000000000000000000000000000000000000000000af0'),
	(347, '0xd27f3f4a8d61dc402d293d915ba6b7d4fc081cbf5e337aa482efb984c9e3f361', '10794', '0xb83b97bf466fd6b1836d80619eac4e9ed29ce568', '36166', '0xb5e8e323359687e2f582634f431c67d5fa042e02e515e43f750fcbde949adc18', '0x1', '0x8a37ad10760d8ab25e99621e4b043d96f96879d4', '0', '0x0000000000000000000000000000000000000000000000000000000000007530'),
	(348, '0x740f03e1d7863582c02e2c9e8a245438758a07a4b77138f75a8e8974ec49e4b9', '10799', '0x77c8bba966f408003839d35c4d01d98e2ba0da9d', '36230', '0x0e5e580171daa8f257f3e5f3addd18f8fe8ddf2eb353a85784d760d1d805f493', '0x1', '0x8a37ad10760d8ab25e99621e4b043d96f96879d4', '0', '0x0000000000000000000000000000000000000000000000000000000000002710'),
	(349, '0x4ba4d8b26fb692292b48a24fa37c4454a23b4872cb0556f1c1484f981aeaaabb', '10810', '0x927da007bc52d2dfd36e5740ec1f3b0e6ee97963', '36166', '0x4c17d3ef7e788ff8fc7868a5139b18c6e26f4282d8e9509eaeba317563668a76', '0x1', '0x8a37ad10760d8ab25e99621e4b043d96f96879d4', '0', '0x0000000000000000000000000000000000000000000000000000000000001004'),
	(350, '0x5589680c84358a02a5adf5ba86a7d3ecdacb52d74830677e5e34c0092a362e90', '10819', '0xb83b97bf466fd6b1836d80619eac4e9ed29ce568', '36166', '0x06bc899fff052da73d4903198c318b3a5fcbc3f83bed98a1e3af660c22f91722', '0x1', '0x8a37ad10760d8ab25e99621e4b043d96f96879d4', '0', '0x0000000000000000000000000000000000000000000000000000000000001068'),
	(351, '0x22c15f53e3bfa12925aa31740923b75141cd7067910b56b46e115acad80d27a9', '10825', '0xb83b97bf466fd6b1836d80619eac4e9ed29ce568', '36166', '0x1cf815c3b96c3b654ab1a6bfe2208ad60ab40e6757f526413bf715352559e25d', '0x1', '0x8a37ad10760d8ab25e99621e4b043d96f96879d4', '0', '0x0000000000000000000000000000000000000000000000000000000000000bb8'),
	(354, '0x754c9619822d3ba84df3d9d8f96c0161ec32afe79be0e66ea3aee5175d2f4187', '10831', '0x927da007bc52d2dfd36e5740ec1f3b0e6ee97963', '36230', '0x403768dd85e659165bc17b353f327ef91e90540883f6b932b47c5230a86accf6', '0x1', '0x8a37ad10760d8ab25e99621e4b043d96f96879d4', '0', '0x0000000000000000000000000000000000000000000000000000000000000fa0'),
	(356, '0x6a0915873bbe08fd8af3e9ff57219e1f0539891890bff765e35957b816b07b90', '10880', '0x927da007bc52d2dfd36e5740ec1f3b0e6ee97963', '36230', '0xbcce6441eb020a9fe6e75ae7e604a020405cca0be90abbaab8e77ca47dcd2b4f', '0x1', '0x8a37ad10760d8ab25e99621e4b043d96f96879d4', '0', '0x0000000000000000000000000000000000000000000000000000000000000fa0'),
	(357, '0x3ce9df0206537356f5311d649c9e3b428eddc16bde85c7ab219b7ff442fade74', '10885', '0xd533c46220bab3f1de2ac5bfb2a4bbc27ec25d78', '36230', '0xfce793d52bb4ed432a7a9214100976ad52705adddb441994a599700314152da2', '0x1', '0x8a37ad10760d8ab25e99621e4b043d96f96879d4', '0', '0x00000000000000000000000000000000000000000000000000000000000003e8'),
	(358, '0x8055d679ca542b825121dbed0f706b738ced563fa622ca11046c486d84790c80', '10920', '0xb83b97bf466fd6b1836d80619eac4e9ed29ce568', '36230', '0x619f92a5a65ce6df8d673cd44a2c93434a162c88d9178f8ca5f8fb33f98a5c10', '0x1', '0x8a37ad10760d8ab25e99621e4b043d96f96879d4', '0', '0x00000000000000000000000000000000000000000000000000000000000005dc'),
	(359, '0xf0a10dd2adbbc4ea4f0fb9c23426988d1bda601877cefda23c824c2ebaf56389', '10934', '0xb83b97bf466fd6b1836d80619eac4e9ed29ce568', '36166', '0xa766c91b1454e3df0e133438643784fef2b7efe4b9ff862a23dd407f326d8a12', '0x1', '0x8a37ad10760d8ab25e99621e4b043d96f96879d4', '0', '0x0000000000000000000000000000000000000000000000000000000000004a38'),
	(360, '0x8bd7d30715f413a859afed4609055b377554b3dbdc31425e8bf36b84f8857f99', '11007', '0x4a3f377ebdb4df0e32a6faf03bf27f7b8bcbedc9', '36230', '0x6abb286ce3ca5c85be70e031b0c8edbbb5a6365309ba4ea0264b88c24b8cbcd0', '0x1', '0x8a37ad10760d8ab25e99621e4b043d96f96879d4', '0', '0x00000000000000000000000000000000000000000000000000000000000001f4'),
	(372, '0x7af0ea105c1cf18bad88ce5df75a69dd904a1fc1ed775118a4771b2d4dffb736', '11169', '0xadf2b4e5a6c3a919434efc386f6f4a923215697b', '36166', '0xe38ba11f5740082dc347e9699b4fa27fc8f307e4f0a37030bded7dfd0a4f4c3d', '0x1', '0x8a37ad10760d8ab25e99621e4b043d96f96879d4', '0', '0x000000000000000000000000000000000000000000000000000000000000189c'),
	(373, '0x3a2b9c408b80842b8015a901dbf28a6af8c920bdfbba5f1f79d187c91f9f73b6', '11173', '0x77c8bba966f408003839d35c4d01d98e2ba0da9d', '36230', '0xc6cf7a5cd0b30c65d4583dcd7efcead4a63ca4e3d438c57c5eccb16f38809a5c', '0x1', '0x8a37ad10760d8ab25e99621e4b043d96f96879d4', '0', '0x0000000000000000000000000000000000000000000000000000000000002710'),
	(374, '0xb5135959f1e01bf848eff24de6a026e77dc106f5897368511610752cd1d6907a', '11183', '0x927da007bc52d2dfd36e5740ec1f3b0e6ee97963', '36166', '0xae32722292762f594fc44af3fb928b4ae3fc695fa2c4c36a3f6bddcbe111b43a', '0x1', '0x8a37ad10760d8ab25e99621e4b043d96f96879d4', '0', '0x0000000000000000000000000000000000000000000000000000000000001004'),
	(375, '0xdd7ab0464c2945d9b60fb6e0d1dd9b38cd0dd2d80d862696a2f03f059d9d7df9', '11185', '0xadf2b4e5a6c3a919434efc386f6f4a923215697b', '36166', '0x28ed6ab3c86f40571bafd52942b655d215f02f28c43b2d2ac6f072b5d5eabfb0', '0x1', '0x8a37ad10760d8ab25e99621e4b043d96f96879d4', '0', '0x0000000000000000000000000000000000000000000000000000000000001004'),
	(376, '0x214c273171acf1890021e19919908dace2399e5614958e573d708c3ce032b296', '11196', '0xadf2b4e5a6c3a919434efc386f6f4a923215697b', '36166', '0x4e7c74e4030a2811e40ce75d53fc1fb9c6019428f1b716ed924f07023e927679', '0x1', '0x8a37ad10760d8ab25e99621e4b043d96f96879d4', '0', '0x0000000000000000000000000000000000000000000000000000000000001068'),
	(378, '0xdee7ae2129954c58ea50599d80b26c7247049b7da0331853bbde2660c0a2b605', '11209', '0xadf2b4e5a6c3a919434efc386f6f4a923215697b', '36166', '0xb4514f09c7b56057fd82f0c4c6280503520e5a0b0fd2b93d4ee03fa85c69ee9d', '0x1', '0x8a37ad10760d8ab25e99621e4b043d96f96879d4', '0', '0x0000000000000000000000000000000000000000000000000000000000002328'),
	(379, '0xe497038e522cc6576a38fba6b0b40c7aadbde90cd4d93953fa9fae2fd7c6fe7b', '11211', '0x927da007bc52d2dfd36e5740ec1f3b0e6ee97963', '36230', '0x435adb68adad44ed9c8c1d0b6a458a38eb66955865583f79234175238de33b4f', '0x1', '0x8a37ad10760d8ab25e99621e4b043d96f96879d4', '0', '0x00000000000000000000000000000000000000000000000000000000000001f4'),
	(385, '0x4d5d12183c9d88c996b24b838a5e7ef85f7264acabf75e76f6d1fdd054fb468c', '11249', '0xadf2b4e5a6c3a919434efc386f6f4a923215697b', '36166', '0x8f8624436ec0fd036b9b582dfd713b625a954e3f6d0fe326e4f6d8a1f599d626', '0x1', '0x8a37ad10760d8ab25e99621e4b043d96f96879d4', '0', '0x0000000000000000000000000000000000000000000000000000000000001004'),
	(386, '0x1f161056d2741d5e737832e5f1c28bc36adc835ab40c4742262c1ce252fba3cf', '11253', '0xadf2b4e5a6c3a919434efc386f6f4a923215697b', '36166', '0xf834606b702bdc88ad8cd137b0e86a2af63d3e48841a325b647b9933889f0325', '0x1', '0x8a37ad10760d8ab25e99621e4b043d96f96879d4', '0', '0x000000000000000000000000000000000000000000000000000000000000189c'),
	(387, '0xe495357783fddf7d39f802ddfa55d0fa00809071eb2c417d427092ed33ea0681', '11256', '0xadf2b4e5a6c3a919434efc386f6f4a923215697b', '36166', '0x52541df23673eee09ce0667cce0c4fb97d35892ffc7ee8583049b18c3c470416', '0x1', '0x8a37ad10760d8ab25e99621e4b043d96f96879d4', '0', '0x0000000000000000000000000000000000000000000000000000000000001068');
/*!40000 ALTER TABLE `transaction` ENABLE KEYS */;

-- 테이블 sub2.user 구조 내보내기
CREATE TABLE IF NOT EXISTS `user` (
  `id` varchar(50) NOT NULL,
  `pw` varchar(100) NOT NULL,
  `student_id` varchar(10) NOT NULL,
  `role` varchar(10) NOT NULL DEFAULT 'user',
  `name` varchar(10) NOT NULL,
  `campus` varchar(10) NOT NULL,
  PRIMARY KEY (`id`)
) ENGINE=InnoDB DEFAULT CHARSET=utf8mb4;

-- 테이블 데이터 sub2.user:~29 rows (대략적) 내보내기
/*!40000 ALTER TABLE `user` DISABLE KEYS */;
INSERT INTO `user` (`id`, `pw`, `student_id`, `role`, `name`, `campus`) VALUES
	('admin', '$2a$10$IW4urQij1hWOc/RQtEXU0.6E7TyrvbBdIAjKRALUZu9b12nOna.ia', '0000', 'admin', 'admin', '서울'),
	('admin0@ssafy.com', '$2a$10$OrYp4yVKh1fDU62E1MB2o.lFZdtSmely0pZxVr91NtqnKmxG/elzq', '050111000', 'admin', '프론트맨', '광주'),
	('admin1@ssafy.com', '$2a$10$srlVwKruE3f.RsPGXkfAo.vQczWcQh82uMv7q2bo8EJ4mSZqNdTvW', '05110000', 'admin', '관리자', '구미'),
	('admin2@ssafy.com', '$2a$10$Cq/myOmqe5i4tLRN5mg43OGs1BMrahpkksYuQVfhBkLUWiL.VK0li', '0511001', 'admin', '관리자2', '대전'),
	('admin3@ssafy.com', '$2a$10$Q5CExk3Gax9wAojENQsQceTIzx0njXNPZhB3CqAjKGuL5koljeO4C', '05110002', 'admin', '관리자3', '서울'),
	('admin4@ssafy.com', '$2a$10$GqQQYmBINvBZD73oabbbVexS8HyNINYuDaDN26B.WtF4eny86Vmcm', '05110004', 'admin', '관리자4', '서울'),
	('admin5@ssafy.com', '$2a$10$nzCp15Ae7LIKvL9/Uetene9pHwfcfl4At.cYvDLzc5ZLF9jaWF45u', '05110005', 'admin', '관리자5', '대전'),
	('admin6@ssafy.com', '$2a$10$z/2EjzE3WPP.We7/FrBQQOODPH8Lpao8qMh8.po3FHK6b.w8k/A5u', '05110006', 'admin', '관리자6', '서울'),
	('admin7@ssafy.com', '$2a$10$TuSvpoOUsgW/xcWkSS9xweogfT.gPGcyS/5s/M4PKcFy/PhiRNOAu', '05110007', 'admin', '관리자7', '구미'),
	('admin8@ssafy.com', '$2a$10$ebz9qbUviDpDjjn9Ozo7p.Zr0FVHJSkGVYH0Ohy7W90JItKPkxwiW', '05110008', 'admin', '관리자8', '대전'),
	('admin9@ssafy.com', '$2a$10$QzX2Zm3hT7fi2fIcacuNZeOFHkAJCwYyISibwWyRG7gpSvDkR0NsG', '05110009', 'admin', '관리자9', '구미'),
	('cse.it0516@gmail.com', '$2a$10$5zQFcru9eTBPr.Ot26l2Q.gKWKp6K/wUhiL0skWMMOq7mAqmE3bi2', '0511004', 'USER', '최성은', '광주'),
	('qweas2881@naver.com', '$2a$10$P4ctWDrocMpJIhc3H7JFr.mgxfLdYghP3i6UVPKsT5cn1ZeTne/ju', '0511937', 'USER', '조현철', '광주'),
	('rko3507@naver.com', '$2a$10$zPiidsvY8XfhnWe0pbq6buKDfo9900gYJCyhGHKQ7H67I14zlgmjm', '0511314', 'USER', '류상오', '광주'),
	('ssafy', '$2a$10$.SHFYc8wGtFf0YtY3RclXu0XxUwEOUknCXNjGI19YaJY.XAhU4nJa', '05', 'USER', '안녕하세요', '광주'),
	('ssafy@ssafy.com', '$2a$10$jTCMDLC8cab8uNSVTQI4CObM76yiCSo0DtKSTlNNiEIDw0uL6IFwi', '0500000', 'USER', '김싸피', '광주'),
	('ssafyssafy', '$2a$10$PKTcMxIywangVZPlBscO4.OQNUDQ25DGbAjckNvZwS4eBZxQ/L4O.', '20211007', 'USER', '싸피', '서울'),
	('test0@ssafy.com', '$2a$10$n2rCRvFMATU3ufgxr7e7rO8SFo9hWJKi3cBYXxgFVc3c802S6WRku', '1111110', 'USER', '정싸피', '서울'),
	('test1@ssafy.com', '$2a$10$zNpNvoYrPB/2YBthq8ACaujO2cwf8KliM4/S7qXfqpTuWo7hNM9ZO', '1111119', 'USER', '오싸피', '광주'),
	('test2@ssafy.com', '$2a$10$0yFlrDzx.kSIvnBr370qqeOu.YRquSsIpnJya9dYPpCbsXRVSPk4S', '1111111', 'USER', '최싸피', '대전'),
	('test3@ssafy.com', '$2a$10$9Agoyk9Vu8F2MWaf2PEU.emszP6MCQsKZboHBJqmAqOuzILcUT4yG', '1111112', 'USER', '강싸피', '구미'),
	('test4@ssafy.com', '$2a$10$hyiyiEaKlbzWaUEGAoMGRuUj/aZo2fA73dDO9h3iztwShC3.oyOXO', '1111113', 'USER', '이싸피', '구미'),
	('test5@ssafy.com', '$2a$10$s37DIT92P7Fn0mFHTbV68OXCQ0O6Ueo02JZcja22F6e93t.PqgfVG', '1111114', 'USER', '장싸피', '서울'),
	('test6@ssafy.com', '$2a$10$dcKgfNeYvSyuqI4umaghdOqGGSDkes6FUS3D05j/umIQd3QaVAHNy', '1111115', 'USER', '박싸피', '대전'),
	('test7@ssafy.com', '$2a$10$z4cw6i4K7AgwsxrMKpfQkeX/bpuCwn.HBpy8TCsR6d2U2RDkax9oy', '1111116', 'USER', '임싸피', '대전'),
	('test8@ssafy.com', '$2a$10$etRrNAC0VRwHnzY70V21i.7WiEtQLSJTdp2jh5/vgm5NlrFikP1Ea', '1111117', 'USER', '구싸피', '광주'),
	('test9@ssafy.com', '$2a$10$QMOYFvXtXohUH.TP50mfgeFlPxpPx3ZVxr0QuTBX6wsPHemghgQYm', '1111118', 'USER', '현싸피', '구미'),
	('tjddo2791@naver.com', '$2a$10$ny1FV2n5zWlleNv8wo21l.dwuT6uTzHyztJK7yhyBc8NCzrkW.qci', '0511184', 'USER', '임성애', '광주'),
	('toproot@gmail.com', '$2a$10$NgM36ZdI5wEuikvMeZBrtOHaAwEyLXhf5huknyViI/b2bGjzs1lIu', '0511404', 'USER', '정싸피', '광주');
/*!40000 ALTER TABLE `user` ENABLE KEYS */;

-- 테이블 sub2.wallet 구조 내보내기
CREATE TABLE IF NOT EXISTS `wallet` (
  `uid` varchar(50) NOT NULL,
  `wallet_address` varchar(45) DEFAULT NULL,
  `wallet_password` varchar(45) DEFAULT NULL,
  `wallet_filepath` varchar(255) DEFAULT NULL,
  PRIMARY KEY (`uid`),
  CONSTRAINT `wallet_ibfk_1` FOREIGN KEY (`uid`) REFERENCES `user` (`id`) ON DELETE CASCADE ON UPDATE CASCADE
) ENGINE=InnoDB DEFAULT CHARSET=utf8mb4;

-- 테이블 데이터 sub2.wallet:~29 rows (대략적) 내보내기
/*!40000 ALTER TABLE `wallet` DISABLE KEYS */;
INSERT INTO `wallet` (`uid`, `wallet_address`, `wallet_password`, `wallet_filepath`) VALUES
	('admin', '0x51bcf8bde5ad92c5f1d63d23084e31c6754b9431', 'password', '/home/ubuntu/geth/eth_localdata/keystore/UTC--2021-10-05T07-20-36.207000000Z--51bcf8bde5ad92c5f1d63d23084e31c6754b9431.json'),
	('admin0@ssafy.com', '0x744ef5d77dff1636b95ad0b25c4d2c9e6f3385f9', 'password', '/home/ubuntu/geth/eth_localdata/keystore/UTC--2021-10-07T06-39-08.844000000Z--744ef5d77dff1636b95ad0b25c4d2c9e6f3385f9.json'),
	('admin1@ssafy.com', '0x783fc6cacaac90c291b2f09d7fe09494c0250f7a', 'password', '/home/ubuntu/geth/eth_localdata/keystore/UTC--2021-10-07T05-59-04.649000000Z--783fc6cacaac90c291b2f09d7fe09494c0250f7a.json'),
	('admin2@ssafy.com', '0xca8dd39e291fbe1c8f73109f73a81aabee405b24', 'password', '/home/ubuntu/geth/eth_localdata/keystore/UTC--2021-10-07T06-00-14.71000000Z--ca8dd39e291fbe1c8f73109f73a81aabee405b24.json'),
	('admin3@ssafy.com', '0x9927498dc97ad4ba7cf1173d9dbff06d863f007b', 'password', '/home/ubuntu/geth/eth_localdata/keystore/UTC--2021-10-07T06-01-32.781000000Z--9927498dc97ad4ba7cf1173d9dbff06d863f007b.json'),
	('admin4@ssafy.com', '0x678ae51de1f90e7c303304f7d47ebe8f120780a8', 'password', '/home/ubuntu/geth/eth_localdata/keystore/UTC--2021-10-07T06-02-18.78000000Z--678ae51de1f90e7c303304f7d47ebe8f120780a8.json'),
	('admin5@ssafy.com', '0x529653cc8319da63c8776bf629a3032be43908b9', 'password', '/home/ubuntu/geth/eth_localdata/keystore/UTC--2021-10-07T06-39-39.353000000Z--529653cc8319da63c8776bf629a3032be43908b9.json'),
	('admin6@ssafy.com', '0xf0e538ff5db9ec6d94b546f60dd73ffd2a92cf72', 'password', '/home/ubuntu/geth/eth_localdata/keystore/UTC--2021-10-07T06-40-03.201000000Z--f0e538ff5db9ec6d94b546f60dd73ffd2a92cf72.json'),
	('admin7@ssafy.com', '0x9a5a70d2e47c42d1ef06abbeac0dd7a6354a60bf', 'password', '/home/ubuntu/geth/eth_localdata/keystore/UTC--2021-10-07T06-41-12.655000000Z--9a5a70d2e47c42d1ef06abbeac0dd7a6354a60bf.json'),
	('admin8@ssafy.com', '0x830f8c634489f1d3b45c0aeb20dd0098777fbfcc', 'password', '/home/ubuntu/geth/eth_localdata/keystore/UTC--2021-10-07T06-41-33.806000000Z--830f8c634489f1d3b45c0aeb20dd0098777fbfcc.json'),
	('admin9@ssafy.com', '0x84674aedb88f78a58804435126334d7ba0396e20', 'password', '/home/ubuntu/geth/eth_localdata/keystore/UTC--2021-10-07T06-42-15.432000000Z--84674aedb88f78a58804435126334d7ba0396e20.json'),
	('cse.it0516@gmail.com', '0xb83b97bf466fd6b1836d80619eac4e9ed29ce568', 'password', '/home/ubuntu/geth/eth_localdata/keystore/UTC--2021-10-07T06-49-27.27000000Z--b83b97bf466fd6b1836d80619eac4e9ed29ce568.json'),
	('qweas2881@naver.com', '0xadf2b4e5a6c3a919434efc386f6f4a923215697b', 'password', '/home/ubuntu/geth/eth_localdata/keystore/UTC--2021-10-07T05-06-23.927000000Z--adf2b4e5a6c3a919434efc386f6f4a923215697b.json'),
	('rko3507@naver.com', '0x927da007bc52d2dfd36e5740ec1f3b0e6ee97963', 'password', '/home/ubuntu/geth/eth_localdata/keystore/UTC--2021-10-07T05-06-57.349000000Z--927da007bc52d2dfd36e5740ec1f3b0e6ee97963.json'),
	('ssafy', '0x6716e3f8ed77572acaf1178151d62e6689499be9', 'password', '/home/ubuntu/geth/eth_localdata/keystore/UTC--2021-10-07T06-22-00.253000000Z--6716e3f8ed77572acaf1178151d62e6689499be9.json'),
	('ssafy@ssafy.com', '0x66c7bd16b2457bfc7ead3220d30ea29de6fcf2db', 'password', '/home/ubuntu/geth/eth_localdata/keystore/UTC--2021-10-07T05-28-04.819000000Z--66c7bd16b2457bfc7ead3220d30ea29de6fcf2db.json'),
	('ssafyssafy', '0x6f135306884ef157aba0f034ad58d6f712275f36', 'password', '/home/ubuntu/geth/eth_localdata/keystore/UTC--2021-10-07T05-46-50.271000000Z--6f135306884ef157aba0f034ad58d6f712275f36.json'),
	('test0@ssafy.com', '0x3c98b01d3cc5e848ccacce99e7b5074790853086', 'password', '/home/ubuntu/geth/eth_localdata/keystore/UTC--2021-10-07T06-06-50.420000000Z--3c98b01d3cc5e848ccacce99e7b5074790853086.json'),
	('test1@ssafy.com', '0xaa6fd0a7e9b6545e79479d29915f0d042e69f3ae', 'password', '/home/ubuntu/geth/eth_localdata/keystore/UTC--2021-10-07T06-11-37.733000000Z--aa6fd0a7e9b6545e79479d29915f0d042e69f3ae.json'),
	('test2@ssafy.com', '0x1266ce119ec3b985fa61b7c67240ef840cdb25af', 'password', '/home/ubuntu/geth/eth_localdata/keystore/UTC--2021-10-07T06-01-08.801000000Z--1266ce119ec3b985fa61b7c67240ef840cdb25af.json'),
	('test3@ssafy.com', '0xbe6c5f4027f0cf5d8dc71c84cf7b4ed0d10e098e', 'password', '/home/ubuntu/geth/eth_localdata/keystore/UTC--2021-10-07T06-02-03.669000000Z--be6c5f4027f0cf5d8dc71c84cf7b4ed0d10e098e.json'),
	('test4@ssafy.com', '0xf5ce9628fbe740ac5b7ad7053a2e5979450f68cf', 'password', '/home/ubuntu/geth/eth_localdata/keystore/UTC--2021-10-07T06-02-55.47000000Z--f5ce9628fbe740ac5b7ad7053a2e5979450f68cf.json'),
	('test5@ssafy.com', '0xef93556e4a6c05186765ad9fa778576db88f6575', 'password', '/home/ubuntu/geth/eth_localdata/keystore/UTC--2021-10-07T06-03-36.839000000Z--ef93556e4a6c05186765ad9fa778576db88f6575.json'),
	('test6@ssafy.com', '0x0c8e3f70f70c9fc4ce37a0c6603dd0f3250c8fc2', 'password', '/home/ubuntu/geth/eth_localdata/keystore/UTC--2021-10-07T06-04-07.292000000Z--0c8e3f70f70c9fc4ce37a0c6603dd0f3250c8fc2.json'),
	('test7@ssafy.com', '0x182203c96325a49e76b03ed7217c8c2f45624c5d', 'password', '/home/ubuntu/geth/eth_localdata/keystore/UTC--2021-10-07T06-04-25.430000000Z--182203c96325a49e76b03ed7217c8c2f45624c5d.json'),
	('test8@ssafy.com', '0xae844f8c3ee29f2ae8dc26c8587a070f2f7c6fdf', 'password', '/home/ubuntu/geth/eth_localdata/keystore/UTC--2021-10-07T06-05-31.472000000Z--ae844f8c3ee29f2ae8dc26c8587a070f2f7c6fdf.json'),
	('test9@ssafy.com', '0x13a3989f41006ec5b76fff452d0096d1e6b154e8', 'password', '/home/ubuntu/geth/eth_localdata/keystore/UTC--2021-10-07T06-06-20.619000000Z--13a3989f41006ec5b76fff452d0096d1e6b154e8.json'),
	('tjddo2791@naver.com', '0x4a3f377ebdb4df0e32a6faf03bf27f7b8bcbedc9', 'password', '/home/ubuntu/geth/eth_localdata/keystore/UTC--2021-10-07T05-06-25.537000000Z--4a3f377ebdb4df0e32a6faf03bf27f7b8bcbedc9.json'),
	('toproot@gmail.com', '0xd533c46220bab3f1de2ac5bfb2a4bbc27ec25d78', 'password', '/home/ubuntu/geth/eth_localdata/keystore/UTC--2021-10-07T05-05-44.385000000Z--d533c46220bab3f1de2ac5bfb2a4bbc27ec25d78.json');
/*!40000 ALTER TABLE `wallet` ENABLE KEYS */;

/*!40101 SET SQL_MODE=IFNULL(@OLD_SQL_MODE, '') */;
/*!40014 SET FOREIGN_KEY_CHECKS=IFNULL(@OLD_FOREIGN_KEY_CHECKS, 1) */;
/*!40101 SET CHARACTER_SET_CLIENT=@OLD_CHARACTER_SET_CLIENT */;
/*!40111 SET SQL_NOTES=IFNULL(@OLD_SQL_NOTES, 1) */;
